<?xml version="1.0" encoding="UTF-8" ?>
<templates xml:space="preserve">

    <t t-name="advanced_web_domain_widget.DomainSelector.Editor">
        <t t-if="props.info.isSupported(props.value)">
            <t t-component="props.info.component" t-props="props.info.extractProps({ value: props.value, update: props.update, fieldDef: props.fieldDef })" />
        </t>
        <t t-else="">
            <div class="o_ds_expr_value o_input d-flex align-items-center p-0">
                <span class="ms-2" t-esc="stringifiedValue" />
                <i role="alert" class="ms-auto fa fa-exclamation-triangle text-warning" title="Value not supported" />
                <button class="btn btn-link p-1" title="Clear" t-on-click="() => this.props.update(props.info.defaultValue())">
                    <i class="fa fa-times" />
                </button>
            </div>
        </t>
    </t>

    <t t-name="advanced_web_domain_widget.DomainSelector.PathEditor">
        <t t-if="isSupportedPath">
            <t t-component="component" isDebugMode="props.isDebugMode" readonly="props.readonly" resModel="props.resModel" path="props.path" update="props.update"/>
        </t>
        <t t-else="">
            <div class="d-flex align-items-center p-0">
                <span class="ms-2" t-esc="stringifiedPath" />
                <i role="alert" class="ms-auto fa fa-exclamation-triangle text-warning" title="Path not supported" />
                <button class="btn btn-link p-1" title="Clear" t-on-click="onClear">
                    <i class="fa fa-times" />
                </button>
            </div>
        </t>
    </t>

    <t t-name="advanced_web_domain_widget.DomainSelector.Input">
        <input type="text" class="o_input o_domain_leaf_value_input" t-att-value="props.value" t-on-change="(ev) => props.update(ev.target.value)" />
    </t>

    <t t-name="advanced_web_domain_widget.DomainSelector.Select">
        <select class="o_input o_domain_leaf_value_input" t-on-change="(ev) => props.update(deserialize(ev.target.value))">
            <t t-foreach="props.options" t-as="option" t-key="option[0]">
                <option t-att-value="serialize(option[0])" t-att-selected="option[0] === props.value" t-esc="option[1]" />
            </t>
        </select>
    </t>

    <t t-name="advanced_web_domain_widget.DomainSelector.TagInput">
        <div class="d-flex flex-wrap">
            <TagsList tags="tags"/>
            <input class="o_input o_domain_leaf_value_input flex-grow-1" t-on-change="onChange"/>
        </div>
    </t>

    <t t-name="advanced_web_domain_widget.DomainSelector.Range">
        <div class="d-flex h-100 align-items-center">
            <Editor info="props.editorInfo" value="getValue(0)" update="getUpdater(0)" fieldDef="props.fieldDef" />
            <i class="fa fa-long-arrow-right mx-2" aria-label="Arrow icon" title="Arrow" />
            <Editor info="props.editorInfo" value="getValue(1)" update="getUpdater(1)" fieldDef="props.fieldDef" />
        </div>
    </t>

</templates>
